Date,RPM,Speed,nGear,Throttle,Brake,DRS,Source,Time,SessionTime,Distance
2025-09-06 15:00:54.253,11462.0,323.0,8,100.0,False,14,car,0 days 00:00:00.298000,0 days 01:13:33.676000,26.73722222222222
2025-09-06 15:00:54.414,11415.0,326.0,8,100.0,False,12,car,0 days 00:00:00.459000,0 days 01:13:33.837000,41.31666666666666
2025-09-06 15:00:54.773,11543.0,328.0,8,100.0,False,12,car,0 days 00:00:00.818000,0 days 01:13:34.196000,74.02555555555554
2025-09-06 15:00:55.213,11755.0,331.0,8,100.0,False,12,car,0 days 00:00:01.258000,0 days 01:13:34.636000,114.4811111111111
2025-09-06 15:00:55.372,11709.0,331.0,8,100.0,False,12,car,0 days 00:00:01.417000,0 days 01:13:34.795000,129.10027777777776
2025-09-06 15:00:55.692,11812.0,333.0,8,100.0,False,12,car,0 days 00:00:01.737000,0 days 01:13:35.115000,158.70027777777776
2025-09-06 15:00:56.053,11815.0,335.0,8,100.0,False,12,car,0 days 00:00:02.098000,0 days 01:13:35.476000,192.2933333333333
2025-09-06 15:00:56.333,11975.0,336.0,8,100.0,False,12,car,0 days 00:00:02.378000,0 days 01:13:35.756000,218.42666666666665
2025-09-06 15:00:56.532,11999.0,337.0,8,100.0,False,12,car,0 days 00:00:02.577000,0 days 01:13:35.955000,237.05527777777775
2025-09-06 15:00:56.772,11952.0,338.0,8,100.0,False,12,car,0 days 00:00:02.817000,0 days 01:13:36.195000,259.5886111111111
2025-09-06 15:00:57.092,11953.0,339.0,8,100.0,False,12,car,0 days 00:00:03.137000,0 days 01:13:36.515000,289.72194444444443
2025-09-06 15:00:57.372,12027.0,341.0,8,100.0,False,12,car,0 days 00:00:03.417000,0 days 01:13:36.795000,316.2441666666666
2025-09-06 15:00:57.652,12057.0,342.0,8,100.0,False,12,car,0 days 00:00:03.697000,0 days 01:13:37.075000,342.84416666666664
2025-09-06 15:00:57.973,12058.0,342.0,8,100.0,False,12,car,0 days 00:00:04.018000,0 days 01:13:37.396000,373.33916666666664
2025-09-06 15:00:58.253,12053.0,343.0,8,100.0,False,12,car,0 days 00:00:04.298000,0 days 01:13:37.676000,400.01694444444445
2025-09-06 15:00:58.452,12146.0,343.0,8,100.0,False,12,car,0 days 00:00:04.497000,0 days 01:13:37.875000,418.9772222222222
2025-09-06 15:00:58.693,12087.0,344.0,8,100.0,False,12,car,0 days 00:00:04.738000,0 days 01:13:38.116000,442.0061111111112
2025-09-06 15:00:58.853,12097.0,344.0,8,100.0,False,12,car,0 days 00:00:04.898000,0 days 01:13:38.276000,457.295
2025-09-06 15:00:59.173,12174.0,345.0,8,100.0,False,12,car,0 days 00:00:05.218000,0 days 01:13:38.596000,487.9616666666667
2025-09-06 15:00:59.413,12222.0,345.0,8,100.0,False,12,car,0 days 00:00:05.458000,0 days 01:13:38.836000,510.9616666666667
2025-09-06 15:00:59.572,12080.0,346.0,8,100.0,False,12,car,0 days 00:00:05.617000,0 days 01:13:38.995000,526.2433333333333
2025-09-06 15:00:59.893,12199.0,346.0,8,100.0,False,12,car,0 days 00:00:05.938000,0 days 01:13:39.316000,557.095
2025-09-06 15:01:00.093,12238.0,347.0,8,100.0,False,12,car,0 days 00:00:06.138000,0 days 01:13:39.516000,576.3727777777779
2025-09-06 15:01:00.333,12235.0,347.0,8,100.0,False,12,car,0 days 00:00:06.378000,0 days 01:13:39.756000,599.5061111111112
2025-09-06 15:01:00.613,12297.0,348.0,8,100.0,False,12,car,0 days 00:00:06.658000,0 days 01:13:40.036000,626.5727777777779
2025-09-06 15:01:00.853,12211.0,347.0,8,100.0,False,12,car,0 days 00:00:06.898000,0 days 01:13:40.276000,649.7061111111111
2025-09-06 15:01:01.254,12132.0,348.0,8,100.0,False,12,car,0 days 00:00:07.299000,0 days 01:13:40.677000,688.4694444444445
2025-09-06 15:01:01.653,12284.0,348.0,8,100.0,False,12,car,0 days 00:00:07.698000,0 days 01:13:41.076000,727.0394444444446
2025-09-06 15:01:01.973,12236.0,348.0,8,100.0,False,12,car,0 days 00:00:08.018000,0 days 01:13:41.396000,757.972777777778
2025-09-06 15:01:02.252,11624.0,347.0,8,0.0,True,8,car,0 days 00:00:08.297000,0 days 01:13:41.675000,784.865277777778
2025-09-06 15:01:02.412,10924.0,312.0,8,0.0,True,8,car,0 days 00:00:08.457000,0 days 01:13:41.835000,798.7319444444447
2025-09-06 15:01:02.653,9878.0,277.0,8,0.0,True,8,car,0 days 00:00:08.698000,0 days 01:13:42.076000,817.2755555555558
2025-09-06 15:01:02.893,9713.0,246.0,8,0.0,True,8,car,0 days 00:00:08.938000,0 days 01:13:42.316000,833.6755555555558
2025-09-06 15:01:03.092,9976.0,218.0,8,0.0,True,8,car,0 days 00:00:09.137000,0 days 01:13:42.515000,845.7261111111113
2025-09-06 15:01:03.292,11160.0,193.0,8,0.0,True,8,car,0 days 00:00:09.337000,0 days 01:13:42.715000,856.4483333333335
2025-09-06 15:01:03.532,10775.0,160.0,8,0.0,True,8,car,0 days 00:00:09.577000,0 days 01:13:42.955000,867.1150000000001
2025-09-06 15:01:03.852,10842.0,136.0,5,0.0,True,8,car,0 days 00:00:09.897000,0 days 01:13:43.275000,879.203888888889
2025-09-06 15:01:04.132,9718.0,118.0,2,0.0,True,8,car,0 days 00:00:10.177000,0 days 01:13:43.555000,888.3816666666668
2025-09-06 15:01:04.333,8776.0,109.0,2,0.0,True,8,car,0 days 00:00:10.378000,0 days 01:13:43.756000,894.4675000000001
2025-09-06 15:01:04.692,8026.0,98.0,2,0.0,True,8,car,0 days 00:00:10.737000,0 days 01:13:44.115000,904.2402777777779
2025-09-06 15:01:04.933,7321.0,90.0,2,0.0,True,8,car,0 days 00:00:10.978000,0 days 01:13:44.356000,910.2652777777779
2025-09-06 15:01:05.292,7167.0,84.0,2,0.0,False,8,car,0 days 00:00:11.337000,0 days 01:13:44.715000,918.6419444444446
2025-09-06 15:01:05.493,7460.0,79.0,2,5.0,False,8,car,0 days 00:00:11.538000,0 days 01:13:44.916000,923.0527777777779
2025-09-06 15:01:05.653,7816.0,81.0,2,32.0,False,8,car,0 days 00:00:11.698000,0 days 01:13:45.076000,926.6527777777779
2025-09-06 15:01:05.853,7312.0,86.0,2,3.0,True,8,car,0 days 00:00:11.898000,0 days 01:13:45.276000,931.4305555555557
2025-09-06 15:01:06.133,6988.0,83.0,2,0.0,True,8,car,0 days 00:00:12.178000,0 days 01:13:45.556000,937.8861111111113
2025-09-06 15:01:06.573,6360.0,75.0,2,0.0,False,8,car,0 days 00:00:12.618000,0 days 01:13:45.996000,947.0527777777779
2025-09-06 15:01:06.934,6819.0,73.0,2,22.0,False,8,car,0 days 00:00:12.979000,0 days 01:13:46.357000,954.3730555555557
2025-09-06 15:01:07.093,7005.0,74.0,2,22.0,False,8,car,0 days 00:00:13.138000,0 days 01:13:46.516000,957.641388888889
2025-09-06 15:01:07.373,7801.0,79.0,2,36.0,False,8,car,0 days 00:00:13.418000,0 days 01:13:46.796000,963.7858333333334
2025-09-06 15:01:07.573,8076.0,84.0,2,43.0,False,8,car,0 days 00:00:13.618000,0 days 01:13:46.996000,968.4525000000001
2025-09-06 15:01:08.013,10032.0,103.0,2,73.0,False,8,car,0 days 00:00:14.058000,0 days 01:13:47.436000,981.041388888889
2025-09-06 15:01:08.253,10111.0,108.0,2,80.0,False,8,car,0 days 00:00:14.298000,0 days 01:13:47.676000,988.241388888889
2025-09-06 15:01:08.614,10594.0,136.0,3,100.0,False,8,car,0 days 00:00:14.659000,0 days 01:13:48.037000,1001.8791666666668
2025-09-06 15:01:08.772,11170.0,142.0,3,100.0,False,8,car,0 days 00:00:14.817000,0 days 01:13:48.195000,1008.111388888889
2025-09-06 15:01:08.972,11821.0,153.0,3,100.0,False,8,car,0 days 00:00:15.017000,0 days 01:13:48.395000,1016.611388888889
2025-09-06 15:01:09.133,11792.0,163.0,3,100.0,False,8,car,0 days 00:00:15.178000,0 days 01:13:48.556000,1023.9011111111113
2025-09-06 15:01:09.453,11008.0,178.0,4,100.0,False,8,car,0 days 00:00:15.498000,0 days 01:13:48.876000,1039.7233333333334
2025-09-06 15:01:09.812,11853.0,195.0,4,100.0,False,8,car,0 days 00:00:15.857000,0 days 01:13:49.235000,1059.1691666666668
2025-09-06 15:01:10.053,10776.0,202.0,4,100.0,False,8,car,0 days 00:00:16.098000,0 days 01:13:49.476000,1072.6919444444445
2025-09-06 15:01:10.493,11340.0,216.0,5,100.0,False,8,car,0 days 00:00:16.538000,0 days 01:13:49.916000,1099.0919444444446
2025-09-06 15:01:10.853,11926.0,228.0,5,100.0,False,8,car,0 days 00:00:16.898000,0 days 01:13:50.276000,1121.8919444444446
2025-09-06 15:01:11.252,10945.0,239.0,6,100.0,False,8,car,0 days 00:00:17.297000,0 days 01:13:50.675000,1148.3811111111113
2025-09-06 15:01:11.453,11130.0,245.0,6,100.0,False,8,car,0 days 00:00:17.498000,0 days 01:13:50.876000,1162.060277777778
2025-09-06 15:01:11.853,11480.0,254.0,6,100.0,False,8,car,0 days 00:00:17.898000,0 days 01:13:51.276000,1190.2825000000003
2025-09-06 15:01:12.092,11616.0,258.0,6,100.0,False,8,car,0 days 00:00:18.137000,0 days 01:13:51.515000,1207.4108333333336
2025-09-06 15:01:12.332,10729.0,263.0,6,100.0,False,8,car,0 days 00:00:18.377000,0 days 01:13:51.755000,1224.944166666667
2025-09-06 15:01:12.733,10826.0,272.0,7,100.0,False,8,car,0 days 00:00:18.778000,0 days 01:13:52.156000,1255.2419444444447
2025-09-06 15:01:13.093,11046.0,277.0,7,100.0,False,8,car,0 days 00:00:19.138000,0 days 01:13:52.516000,1282.941944444445
2025-09-06 15:01:13.253,11143.0,280.0,7,100.0,False,8,car,0 days 00:00:19.298000,0 days 01:13:52.676000,1295.386388888889
2025-09-06 15:01:13.573,11297.0,284.0,7,100.0,False,8,car,0 days 00:00:19.618000,0 days 01:13:52.996000,1320.6308333333336
2025-09-06 15:01:13.813,11446.0,289.0,7,100.0,False,8,car,0 days 00:00:19.858000,0 days 01:13:53.236000,1339.8975000000005
2025-09-06 15:01:14.093,11613.0,290.0,7,100.0,False,8,car,0 days 00:00:20.138000,0 days 01:13:53.516000,1362.4530555555561
2025-09-06 15:01:14.373,11529.0,294.0,7,100.0,False,8,car,0 days 00:00:20.418000,0 days 01:13:53.796000,1385.3197222222227
2025-09-06 15:01:14.733,10587.0,297.0,8,100.0,False,8,car,0 days 00:00:20.778000,0 days 01:13:54.156000,1415.0197222222228
2025-09-06 15:01:14.973,10737.0,297.0,8,100.0,False,8,car,0 days 00:00:21.018000,0 days 01:13:54.396000,1434.819722222223
2025-09-06 15:01:15.134,10756.0,302.0,8,100.0,False,8,car,0 days 00:00:21.179000,0 days 01:13:54.557000,1448.3258333333338
2025-09-06 15:01:15.454,10851.0,304.0,8,100.0,False,8,car,0 days 00:00:21.499000,0 days 01:13:54.877000,1475.3480555555561
2025-09-06 15:01:15.852,10937.0,307.0,8,100.0,False,8,car,0 days 00:00:21.897000,0 days 01:13:55.275000,1509.2886111111115
2025-09-06 15:01:16.013,10965.0,309.0,8,100.0,False,8,car,0 days 00:00:22.058000,0 days 01:13:55.436000,1523.1077777777784
2025-09-06 15:01:16.293,11036.0,310.0,8,100.0,False,8,car,0 days 00:00:22.338000,0 days 01:13:55.716000,1547.2188888888898
2025-09-06 15:01:16.573,11126.0,311.0,8,100.0,False,8,car,0 days 00:00:22.618000,0 days 01:13:55.996000,1571.4077777777784
2025-09-06 15:01:16.733,11103.0,313.0,8,100.0,False,8,car,0 days 00:00:22.778000,0 days 01:13:56.156000,1585.3188888888894
2025-09-06 15:01:17.053,11147.0,314.0,8,100.0,False,8,car,0 days 00:00:23.098000,0 days 01:13:56.476000,1613.2300000000005
2025-09-06 15:01:17.293,11205.0,314.0,8,100.0,False,8,car,0 days 00:00:23.338000,0 days 01:13:56.716000,1634.1633333333339
2025-09-06 15:01:17.613,11274.0,318.0,8,100.0,False,8,car,0 days 00:00:23.658000,0 days 01:13:57.036000,1662.4300000000005
2025-09-06 15:01:17.813,11274.0,318.0,8,100.0,False,8,car,0 days 00:00:23.858000,0 days 01:13:57.236000,1680.096666666667
2025-09-06 15:01:18.133,11302.0,320.0,8,100.0,False,8,car,0 days 00:00:24.178000,0 days 01:13:57.556000,1708.5411111111116
2025-09-06 15:01:18.332,11329.0,321.0,8,100.0,False,8,car,0 days 00:00:24.377000,0 days 01:13:57.755000,1726.285277777778
2025-09-06 15:01:18.653,11401.0,322.0,8,100.0,False,8,car,0 days 00:00:24.698000,0 days 01:13:58.076000,1754.9969444444448
2025-09-06 15:01:18.813,11475.0,323.0,8,100.0,False,8,car,0 days 00:00:24.858000,0 days 01:13:58.236000,1769.3525000000004
2025-09-06 15:01:19.093,11418.0,323.0,8,100.0,False,8,car,0 days 00:00:25.138000,0 days 01:13:58.516000,1794.4747222222227
2025-09-06 15:01:19.373,11522.0,325.0,8,100.0,False,8,car,0 days 00:00:25.418000,0 days 01:13:58.796000,1819.7525000000003
2025-09-06 15:01:19.613,11482.0,326.0,8,100.0,False,8,car,0 days 00:00:25.658000,0 days 01:13:59.036000,1841.4858333333339
2025-09-06 15:01:19.853,11617.0,327.0,8,100.0,False,8,car,0 days 00:00:25.898000,0 days 01:13:59.276000,1863.2858333333338
2025-09-06 15:01:20.093,11579.0,327.0,8,100.0,False,8,car,0 days 00:00:26.138000,0 days 01:13:59.516000,1885.085833333334
2025-09-06 15:01:20.293,11565.0,328.0,8,100.0,False,8,car,0 days 00:00:26.338000,0 days 01:13:59.716000,1903.3080555555562
2025-09-06 15:01:20.453,11524.0,329.0,8,100.0,False,8,car,0 days 00:00:26.498000,0 days 01:13:59.876000,1917.9302777777784
2025-09-06 15:01:20.653,11588.0,328.0,8,100.0,False,8,car,0 days 00:00:26.698000,0 days 01:14:00.076000,1936.1525000000006
2025-09-06 15:01:21.013,11582.0,328.0,8,100.0,False,8,car,0 days 00:00:27.058000,0 days 01:14:00.436000,1968.9525000000006
2025-09-06 15:01:21.173,11521.0,328.0,8,100.0,False,8,car,0 days 00:00:27.218000,0 days 01:14:00.596000,1983.5302777777783
2025-09-06 15:01:21.414,11657.0,322.0,8,0.0,False,8,car,0 days 00:00:27.459000,0 days 01:14:00.837000,2005.0863888888894
2025-09-06 15:01:21.613,10257.0,288.0,8,0.0,True,8,car,0 days 00:00:27.658000,0 days 01:14:01.036000,2021.0063888888894
2025-09-06 15:01:21.893,9076.0,272.0,8,0.0,True,8,car,0 days 00:00:27.938000,0 days 01:14:01.316000,2042.1619444444448
2025-09-06 15:01:22.174,9547.0,210.0,8,0.0,True,8,car,0 days 00:00:28.219000,0 days 01:14:01.597000,2058.5536111111114
2025-09-06 15:01:22.412,9681.0,176.0,8,0.0,True,8,car,0 days 00:00:28.457000,0 days 01:14:01.835000,2070.189166666667
2025-09-06 15:01:22.612,9314.0,157.0,7,0.0,True,8,car,0 days 00:00:28.657000,0 days 01:14:02.035000,2078.911388888889
2025-09-06 15:01:22.813,9986.0,144.0,5,0.0,True,8,car,0 days 00:00:28.858000,0 days 01:14:02.236000,2086.951388888889
2025-09-06 15:01:23.172,8835.0,130.0,3,0.0,True,8,car,0 days 00:00:29.217000,0 days 01:14:02.595000,2099.915277777778
2025-09-06 15:01:23.452,8206.0,121.0,3,0.0,True,8,car,0 days 00:00:29.497000,0 days 01:14:02.875000,2109.326388888889
2025-09-06 15:01:23.813,8303.0,112.0,3,16.0,False,8,car,0 days 00:00:29.858000,0 days 01:14:03.236000,2120.5575000000003
2025-09-06 15:01:24.052,8665.0,111.0,3,39.0,False,8,car,0 days 00:00:30.097000,0 days 01:14:03.475000,2127.926666666667
2025-09-06 15:01:24.252,9253.0,114.0,3,62.0,False,8,car,0 days 00:00:30.297000,0 days 01:14:03.675000,2134.2600000000007
2025-09-06 15:01:24.493,9603.0,125.0,3,80.0,False,8,car,0 days 00:00:30.538000,0 days 01:14:03.916000,2142.6280555555563
2025-09-06 15:01:24.733,9443.0,130.0,3,30.0,False,8,car,0 days 00:00:30.778000,0 days 01:14:04.156000,2151.294722222223
2025-09-06 15:01:24.973,9720.0,131.0,3,36.0,False,8,car,0 days 00:00:31.018000,0 days 01:14:04.396000,2160.0280555555564
2025-09-06 15:01:25.173,10091.0,132.0,3,68.0,False,8,car,0 days 00:00:31.218000,0 days 01:14:04.596000,2167.36138888889
2025-09-06 15:01:25.412,10992.0,140.0,3,95.0,False,8,car,0 days 00:00:31.457000,0 days 01:14:04.835000,2176.655833333334
2025-09-06 15:01:25.773,10158.0,151.0,3,100.0,False,8,car,0 days 00:00:31.818000,0 days 01:14:05.196000,2191.7977777777787
2025-09-06 15:01:26.093,10914.0,170.0,4,100.0,False,8,car,0 days 00:00:32.138000,0 days 01:14:05.516000,2206.9088888888896
2025-09-06 15:01:26.373,11544.0,183.0,4,100.0,False,8,car,0 days 00:00:32.418000,0 days 01:14:05.796000,2221.142222222223
2025-09-06 15:01:26.613,11898.0,194.0,4,100.0,False,8,car,0 days 00:00:32.658000,0 days 01:14:06.036000,2234.0755555555565
2025-09-06 15:01:26.814,11433.0,201.0,4,100.0,False,8,car,0 days 00:00:32.859000,0 days 01:14:06.237000,2245.2980555555564
2025-09-06 15:01:26.973,10762.0,204.0,4,100.0,False,8,car,0 days 00:00:33.018000,0 days 01:14:06.396000,2254.308055555556
2025-09-06 15:01:27.213,11086.0,215.0,5,100.0,False,8,car,0 days 00:00:33.258000,0 days 01:14:06.636000,2268.6413888888897
2025-09-06 15:01:27.413,11530.0,221.0,5,100.0,False,8,car,0 days 00:00:33.458000,0 days 01:14:06.836000,2280.919166666667
2025-09-06 15:01:27.573,11641.0,224.0,5,100.0,False,8,car,0 days 00:00:33.618000,0 days 01:14:06.996000,2290.8747222222228
2025-09-06 15:01:27.813,11942.0,232.0,5,100.0,False,8,car,0 days 00:00:33.858000,0 days 01:14:07.236000,2306.341388888889
2025-09-06 15:01:28.174,10961.0,240.0,6,100.0,False,8,car,0 days 00:00:34.219000,0 days 01:14:07.597000,2330.408055555556
2025-09-06 15:01:28.413,11198.0,247.0,6,100.0,False,8,car,0 days 00:00:34.458000,0 days 01:14:07.836000,2346.8061111111115
2025-09-06 15:01:28.693,11398.0,252.0,6,100.0,False,8,car,0 days 00:00:34.738000,0 days 01:14:08.116000,2366.4061111111114
2025-09-06 15:01:28.893,11438.0,257.0,6,100.0,False,8,car,0 days 00:00:34.938000,0 days 01:14:08.316000,2380.683888888889
2025-09-06 15:01:29.253,11808.0,263.0,6,100.0,False,8,car,0 days 00:00:35.298000,0 days 01:14:08.676000,2406.9838888888894
2025-09-06 15:01:29.492,11896.0,265.0,6,100.0,False,8,car,0 days 00:00:35.537000,0 days 01:14:08.915000,2424.576944444445
2025-09-06 15:01:29.813,10698.0,253.0,6,0.0,True,8,car,0 days 00:00:35.858000,0 days 01:14:09.236000,2447.1361111111114
2025-09-06 15:01:30.012,10698.0,241.0,6,0.0,True,8,car,0 days 00:00:36.057000,0 days 01:14:09.435000,2460.4580555555563
2025-09-06 15:01:30.173,10278.0,238.0,6,0.0,True,8,car,0 days 00:00:36.218000,0 days 01:14:09.596000,2471.101944444445
2025-09-06 15:01:30.532,11019.0,221.0,5,0.0,True,8,car,0 days 00:00:36.577000,0 days 01:14:09.955000,2493.1405555555557
2025-09-06 15:01:30.852,10725.0,214.0,5,6.0,False,8,car,0 days 00:00:36.897000,0 days 01:14:10.275000,2512.162777777778
2025-09-06 15:01:31.132,10888.0,208.0,5,95.0,False,8,car,0 days 00:00:37.177000,0 days 01:14:10.555000,2528.340555555556
2025-09-06 15:01:31.293,10888.0,210.0,5,95.0,False,8,car,0 days 00:00:37.338000,0 days 01:14:10.716000,2537.732222222223
2025-09-06 15:01:31.493,11264.0,213.0,5,100.0,False,8,car,0 days 00:00:37.538000,0 days 01:14:10.916000,2549.565555555556
2025-09-06 15:01:31.693,11456.0,216.0,5,100.0,False,8,car,0 days 00:00:37.738000,0 days 01:14:11.116000,2561.565555555556
2025-09-06 15:01:31.973,11809.0,225.0,5,100.0,False,8,car,0 days 00:00:38.018000,0 days 01:14:11.396000,2579.065555555556
2025-09-06 15:01:32.413,10739.0,235.0,6,100.0,False,8,car,0 days 00:00:38.458000,0 days 01:14:11.836000,2607.787777777778
2025-09-06 15:01:32.653,11028.0,240.0,6,100.0,False,8,car,0 days 00:00:38.698000,0 days 01:14:12.076000,2623.787777777778
2025-09-06 15:01:32.853,11197.0,244.0,6,100.0,False,8,car,0 days 00:00:38.898000,0 days 01:14:12.276000,2637.3433333333337
2025-09-06 15:01:33.093,11222.0,248.0,6,100.0,False,8,car,0 days 00:00:39.138000,0 days 01:14:12.516000,2653.8766666666666
2025-09-06 15:01:33.453,11582.0,257.0,6,100.0,False,8,car,0 days 00:00:39.498000,0 days 01:14:12.876000,2679.5766666666664
2025-09-06 15:01:33.773,11787.0,262.0,6,100.0,False,8,car,0 days 00:00:39.818000,0 days 01:14:13.196000,2702.865555555555
2025-09-06 15:01:34.013,11984.0,268.0,6,100.0,False,8,car,0 days 00:00:40.058000,0 days 01:14:13.436000,2720.732222222222
2025-09-06 15:01:34.213,12058.0,270.0,6,100.0,False,8,car,0 days 00:00:40.258000,0 days 01:14:13.636000,2735.732222222222
2025-09-06 15:01:34.454,12232.0,272.0,6,100.0,False,8,car,0 days 00:00:40.499000,0 days 01:14:13.877000,2753.941111111111
2025-09-06 15:01:34.613,12232.0,274.0,6,100.0,True,8,car,0 days 00:00:40.658000,0 days 01:14:14.036000,2766.0427777777772
2025-09-06 15:01:35.574,10091.0,199.0,5,0.0,True,8,car,0 days 00:00:41.619000,0 days 01:14:14.997000,2819.164722222222
2025-09-06 15:01:35.893,9669.0,192.0,5,30.0,False,8,car,0 days 00:00:41.938000,0 days 01:14:15.316000,2836.178055555555
2025-09-06 15:01:36.053,10167.0,190.0,5,74.0,False,8,car,0 days 00:00:42.098000,0 days 01:14:15.476000,2844.6224999999995
2025-09-06 15:01:36.252,10000.0,193.0,5,77.0,False,8,car,0 days 00:00:42.297000,0 days 01:14:15.675000,2855.2911111111107
2025-09-06 15:01:36.572,10775.0,197.0,5,100.0,False,8,car,0 days 00:00:42.617000,0 days 01:14:15.995000,2872.8022222222216
2025-09-06 15:01:36.973,10996.0,210.0,5,100.0,False,8,car,0 days 00:00:43.018000,0 days 01:14:16.396000,2896.1938888888885
2025-09-06 15:01:37.173,11495.0,215.0,5,100.0,False,8,car,0 days 00:00:43.218000,0 days 01:14:16.596000,2908.1383333333333
2025-09-06 15:01:37.332,11027.0,221.0,5,100.0,False,8,car,0 days 00:00:43.377000,0 days 01:14:16.755000,2917.8991666666666
2025-09-06 15:01:37.573,10466.0,226.0,6,100.0,False,8,car,0 days 00:00:43.618000,0 days 01:14:16.996000,2933.028611111111
2025-09-06 15:01:37.733,10515.0,232.0,6,100.0,False,8,car,0 days 00:00:43.778000,0 days 01:14:17.156000,2943.3397222222216
2025-09-06 15:01:37.892,10737.0,232.0,6,100.0,False,8,car,0 days 00:00:43.937000,0 days 01:14:17.315000,2953.586388888888
2025-09-06 15:01:38.093,10920.0,240.0,6,100.0,False,8,car,0 days 00:00:44.138000,0 days 01:14:17.516000,2966.986388888888
2025-09-06 15:01:38.333,11245.0,248.0,6,100.0,False,8,car,0 days 00:00:44.378000,0 days 01:14:17.756000,2983.5197222222214
2025-09-06 15:01:38.573,11473.0,252.0,6,100.0,False,8,car,0 days 00:00:44.618000,0 days 01:14:17.996000,3000.3197222222216
2025-09-06 15:01:38.732,11584.0,257.0,6,100.0,False,8,car,0 days 00:00:44.777000,0 days 01:14:18.155000,3011.670555555555
2025-09-06 15:01:38.893,11721.0,259.0,6,100.0,False,8,car,0 days 00:00:44.938000,0 days 01:14:18.316000,3023.253611111111
2025-09-06 15:01:39.213,10691.0,267.0,6,100.0,False,14,car,0 days 00:00:45.258000,0 days 01:14:18.636000,3046.9869444444444
2025-09-06 15:01:39.693,11039.0,273.0,7,100.0,False,12,car,0 days 00:00:45.738000,0 days 01:14:19.116000,3083.386944444444
2025-09-06 15:01:39.893,11137.0,279.0,7,100.0,False,12,car,0 days 00:00:45.938000,0 days 01:14:19.316000,3098.886944444444
2025-09-06 15:01:40.293,11420.0,286.0,7,100.0,False,12,car,0 days 00:00:46.338000,0 days 01:14:19.716000,3130.664722222222
2025-09-06 15:01:40.533,11545.0,291.0,7,100.0,False,12,car,0 days 00:00:46.578000,0 days 01:14:19.956000,3150.064722222222
2025-09-06 15:01:40.933,10655.0,295.0,7,100.0,False,12,car,0 days 00:00:46.978000,0 days 01:14:20.356000,3182.8424999999997
2025-09-06 15:01:41.093,10644.0,298.0,8,100.0,False,12,car,0 days 00:00:47.138000,0 days 01:14:20.516000,3196.086944444444
2025-09-06 15:01:41.333,10791.0,302.0,8,100.0,False,12,car,0 days 00:00:47.378000,0 days 01:14:20.756000,3216.2202777777775
2025-09-06 15:01:41.534,10869.0,304.0,8,100.0,False,12,car,0 days 00:00:47.579000,0 days 01:14:20.957000,3233.193611111111
2025-09-06 15:01:41.693,10897.0,305.0,8,100.0,False,12,car,0 days 00:00:47.738000,0 days 01:14:21.116000,3246.664444444444
2025-09-06 15:01:41.893,10981.0,308.0,8,100.0,False,12,car,0 days 00:00:47.938000,0 days 01:14:21.316000,3263.7755555555555
2025-09-06 15:01:42.293,11075.0,312.0,8,100.0,False,12,car,0 days 00:00:48.338000,0 days 01:14:21.716000,3298.442222222222
2025-09-06 15:01:42.532,11184.0,315.0,8,100.0,False,12,car,0 days 00:00:48.577000,0 days 01:14:21.955000,3319.354722222222
2025-09-06 15:01:42.853,11284.0,318.0,8,100.0,False,12,car,0 days 00:00:48.898000,0 days 01:14:22.276000,3347.7097222222224
2025-09-06 15:01:43.052,11381.0,321.0,8,100.0,False,12,car,0 days 00:00:49.097000,0 days 01:14:22.475000,3365.4538888888887
2025-09-06 15:01:43.332,11459.0,323.0,8,100.0,False,12,car,0 days 00:00:49.377000,0 days 01:14:22.755000,3390.576111111111
2025-09-06 15:01:43.773,11601.0,326.0,8,100.0,False,12,car,0 days 00:00:49.818000,0 days 01:14:23.196000,3430.5111111111105
2025-09-06 15:01:44.053,11643.0,328.0,8,100.0,False,12,car,0 days 00:00:50.098000,0 days 01:14:23.476000,3456.022222222222
2025-09-06 15:01:44.293,11672.0,330.0,8,100.0,False,12,car,0 days 00:00:50.338000,0 days 01:14:23.716000,3478.022222222222
2025-09-06 15:01:44.653,11743.0,333.0,8,100.0,False,12,car,0 days 00:00:50.698000,0 days 01:14:24.076000,3511.3222222222216
2025-09-06 15:01:45.012,11857.0,335.0,8,100.0,False,12,car,0 days 00:00:51.057000,0 days 01:14:24.435000,3544.729166666666
2025-09-06 15:01:45.253,11786.0,335.0,8,100.0,False,12,car,0 days 00:00:51.298000,0 days 01:14:24.676000,3567.155555555555
2025-09-06 15:01:45.572,11937.0,337.0,8,100.0,False,12,car,0 days 00:00:51.617000,0 days 01:14:24.995000,3597.017499999999
2025-09-06 15:01:45.733,12010.0,338.0,8,100.0,False,12,car,0 days 00:00:51.778000,0 days 01:14:25.156000,3612.1336111111104
2025-09-06 15:01:46.093,11955.0,339.0,8,100.0,False,12,car,0 days 00:00:52.138000,0 days 01:14:25.516000,3646.0336111111105
2025-09-06 15:01:46.253,11957.0,339.0,8,100.0,False,12,car,0 days 00:00:52.298000,0 days 01:14:25.676000,3661.1002777777776
2025-09-06 15:01:46.453,11968.0,340.0,8,100.0,False,12,car,0 days 00:00:52.498000,0 days 01:14:25.876000,3679.9891666666663
2025-09-06 15:01:46.653,12018.0,341.0,8,100.0,False,12,car,0 days 00:00:52.698000,0 days 01:14:26.076000,3698.933611111111
2025-09-06 15:01:46.853,12097.0,341.0,8,100.0,False,12,car,0 days 00:00:52.898000,0 days 01:14:26.276000,3717.878055555556
2025-09-06 15:01:47.013,12090.0,341.0,8,100.0,False,12,car,0 days 00:00:53.058000,0 days 01:14:26.436000,3733.033611111111
2025-09-06 15:01:47.293,12038.0,341.0,8,100.0,False,12,car,0 days 00:00:53.338000,0 days 01:14:26.716000,3759.5558333333333
2025-09-06 15:01:47.494,12036.0,341.0,8,100.0,False,10,car,0 days 00:00:53.539000,0 days 01:14:26.917000,3778.5950000000003
2025-09-06 15:01:47.853,11605.0,340.0,8,20.0,True,8,car,0 days 00:00:53.898000,0 days 01:14:27.276000,3812.500555555556
2025-09-06 15:01:48.054,10755.0,314.0,8,0.0,True,8,car,0 days 00:00:54.099000,0 days 01:14:27.477000,3830.032222222222
2025-09-06 15:01:48.334,10308.0,268.0,8,0.0,True,8,car,0 days 00:00:54.379000,0 days 01:14:27.757000,3850.8766666666666
2025-09-06 15:01:48.654,10334.0,232.0,8,0.0,True,8,car,0 days 00:00:54.699000,0 days 01:14:28.077000,3871.498888888889
2025-09-06 15:01:48.934,10349.0,209.0,6,1.0,True,8,car,0 days 00:00:54.979000,0 days 01:14:28.357000,3887.7544444444443
2025-09-06 15:01:49.133,10128.0,203.0,5,9.0,True,8,car,0 days 00:00:55.178000,0 days 01:14:28.556000,3898.975833333333
2025-09-06 15:01:49.493,10213.0,195.0,5,60.0,False,8,car,0 days 00:00:55.538000,0 days 01:14:28.916000,3918.475833333333
2025-09-06 15:01:49.812,10661.0,199.0,5,100.0,False,8,car,0 days 00:00:55.857000,0 days 01:14:29.235000,3936.1094444444443
2025-09-06 15:01:50.172,10956.0,210.0,5,100.0,False,8,car,0 days 00:00:56.217000,0 days 01:14:29.595000,3957.1094444444443
2025-09-06 15:01:50.372,11494.0,218.0,5,100.0,False,8,car,0 days 00:00:56.417000,0 days 01:14:29.795000,3969.2205555555556
2025-09-06 15:01:50.533,10654.0,222.0,5,100.0,False,8,car,0 days 00:00:56.578000,0 days 01:14:29.956000,3979.148888888889
2025-09-06 15:01:51.053,10697.0,231.0,6,100.0,False,8,car,0 days 00:00:57.098000,0 days 01:14:30.476000,4012.5155555555552
2025-09-06 15:01:51.252,10800.0,236.0,6,100.0,False,8,car,0 days 00:00:57.297000,0 days 01:14:30.675000,4025.5611111111107
2025-09-06 15:01:51.413,11054.0,238.0,6,100.0,False,8,car,0 days 00:00:57.458000,0 days 01:14:30.836000,4036.2049999999995
2025-09-06 15:01:51.613,11167.0,243.0,6,100.0,False,8,car,0 days 00:00:57.658000,0 days 01:14:31.036000,4049.7049999999995
2025-09-06 15:01:51.853,11127.0,247.0,6,100.0,False,8,car,0 days 00:00:57.898000,0 days 01:14:31.276000,4066.171666666666
2025-09-06 15:01:52.053,11436.0,253.0,6,100.0,False,8,car,0 days 00:00:58.098000,0 days 01:14:31.476000,4080.2272222222214
2025-09-06 15:01:52.293,11634.0,256.0,6,100.0,False,8,car,0 days 00:00:58.338000,0 days 01:14:31.716000,4097.293888888888
2025-09-06 15:01:52.653,10448.0,260.0,7,100.0,False,8,car,0 days 00:00:58.698000,0 days 01:14:32.076000,4123.293888888888
2025-09-06 15:01:52.813,10516.0,262.0,7,100.0,False,8,car,0 days 00:00:58.858000,0 days 01:14:32.236000,4134.938333333333
2025-09-06 15:01:53.053,10694.0,265.0,7,100.0,False,8,car,0 days 00:00:59.098000,0 days 01:14:32.476000,4152.605
2025-09-06 15:01:53.373,10870.0,270.0,7,100.0,False,8,car,0 days 00:00:59.418000,0 days 01:14:32.796000,4176.605
2025-09-06 15:01:53.653,11028.0,275.0,7,100.0,False,8,car,0 days 00:00:59.698000,0 days 01:14:33.076000,4197.993888888888
2025-09-06 15:01:53.893,11094.0,278.0,7,100.0,False,8,car,0 days 00:00:59.938000,0 days 01:14:33.316000,4216.527222222222
2025-09-06 15:01:54.213,11294.0,285.0,7,100.0,False,8,car,0 days 00:01:00.258000,0 days 01:14:33.636000,4241.860555555555
2025-09-06 15:01:54.493,11450.0,288.0,7,100.0,False,8,car,0 days 00:01:00.538000,0 days 01:14:33.916000,4264.260555555555
2025-09-06 15:01:54.693,11525.0,290.0,7,100.0,False,8,car,0 days 00:01:00.738000,0 days 01:14:34.116000,4280.371666666666
2025-09-06 15:01:54.973,11216.0,294.0,7,100.0,False,8,car,0 days 00:01:01.018000,0 days 01:14:34.396000,4303.238333333333
2025-09-06 15:01:55.253,10660.0,297.0,8,100.0,False,8,car,0 days 00:01:01.298000,0 days 01:14:34.676000,4326.338333333333
2025-09-06 15:01:55.533,10743.0,301.0,8,100.0,False,8,car,0 days 00:01:01.578000,0 days 01:14:34.956000,4349.749444444445
2025-09-06 15:01:55.773,10820.0,303.0,8,100.0,False,8,car,0 days 00:01:01.818000,0 days 01:14:35.196000,4369.949444444444
2025-09-06 15:01:56.132,10900.0,307.0,8,100.0,False,8,car,0 days 00:01:02.177000,0 days 01:14:35.555000,4400.564166666667
2025-09-06 15:01:56.452,11024.0,310.0,8,100.0,False,8,car,0 days 00:01:02.497000,0 days 01:14:35.875000,4428.119722222223
2025-09-06 15:01:56.692,11080.0,310.0,8,100.0,False,8,car,0 days 00:01:02.737000,0 days 01:14:36.115000,4448.78638888889
2025-09-06 15:01:56.932,11151.0,314.0,8,100.0,False,8,car,0 days 00:01:02.977000,0 days 01:14:36.355000,4469.719722222222
2025-09-06 15:01:57.133,11220.0,315.0,8,100.0,False,8,car,0 days 00:01:03.178000,0 days 01:14:36.556000,4487.307222222222
2025-09-06 15:01:57.613,11281.0,319.0,8,100.0,False,8,car,0 days 00:01:03.658000,0 days 01:14:37.036000,4529.8405555555555
2025-09-06 15:01:58.013,11321.0,321.0,8,100.0,False,8,car,0 days 00:01:04.058000,0 days 01:14:37.436000,4565.5072222222225
2025-09-06 15:01:58.413,11502.0,323.0,8,100.0,False,8,car,0 days 00:01:04.458000,0 days 01:14:37.836000,4601.39611111111
2025-09-06 15:01:58.813,11447.0,324.0,8,100.0,False,8,car,0 days 00:01:04.858000,0 days 01:14:38.236000,4637.396111111111
2025-09-06 15:01:58.973,11445.0,325.0,8,100.0,False,8,car,0 days 00:01:05.018000,0 days 01:14:38.396000,4651.8405555555555
2025-09-06 15:01:59.213,11475.0,326.0,8,100.0,False,8,car,0 days 00:01:05.258000,0 days 01:14:38.636000,4673.573888888888
2025-09-06 15:01:59.373,11515.0,326.0,8,100.0,False,8,car,0 days 00:01:05.418000,0 days 01:14:38.796000,4688.062777777778
2025-09-06 15:01:59.573,11619.0,327.0,8,100.0,False,8,car,0 days 00:01:05.618000,0 days 01:14:38.996000,4706.229444444444
2025-09-06 15:01:59.853,11616.0,328.0,8,100.0,False,8,car,0 days 00:01:05.898000,0 days 01:14:39.276000,4731.740555555555
2025-09-06 15:02:00.093,11579.0,329.0,8,100.0,False,8,car,0 days 00:01:06.138000,0 days 01:14:39.516000,4753.673888888889
2025-09-06 15:02:00.453,11622.0,329.0,8,100.0,False,8,car,0 days 00:01:06.498000,0 days 01:14:39.876000,4786.573888888889
2025-09-06 15:02:00.693,11734.0,330.0,8,100.0,False,8,car,0 days 00:01:06.738000,0 days 01:14:40.116000,4808.573888888888
2025-09-06 15:02:00.854,11719.0,331.0,8,100.0,False,8,car,0 days 00:01:06.899000,0 days 01:14:40.277000,4823.376944444444
2025-09-06 15:02:01.374,11647.0,332.0,8,100.0,False,8,car,0 days 00:01:07.419000,0 days 01:14:40.797000,4871.3324999999995
2025-09-06 15:02:01.573,11812.0,332.0,8,100.0,False,8,car,0 days 00:01:07.618000,0 days 01:14:40.996000,4889.684722222221
2025-09-06 15:02:01.733,11695.0,332.0,8,100.0,False,8,car,0 days 00:01:07.778000,0 days 01:14:41.156000,4904.440277777778
2025-09-06 15:02:02.093,11695.0,332.0,8,100.0,False,8,car,0 days 00:01:08.138000,0 days 01:14:41.516000,4937.640277777778
2025-09-06 15:02:02.373,11675.0,331.0,8,100.0,False,8,car,0 days 00:01:08.418000,0 days 01:14:41.796000,4963.384722222222
2025-09-06 15:02:02.534,11669.0,331.0,8,100.0,False,8,car,0 days 00:01:08.579000,0 days 01:14:41.957000,4978.187777777776
2025-09-06 15:02:02.773,11675.0,331.0,8,100.0,False,8,car,0 days 00:01:08.818000,0 days 01:14:42.196000,5000.1624999999985
2025-09-06 15:02:03.212,10000.0,291.0,8,0.0,True,8,car,0 days 00:01:09.257000,0 days 01:14:42.635000,5035.648333333333
2025-09-06 15:02:03.413,10234.0,267.0,8,0.0,True,8,car,0 days 00:01:09.458000,0 days 01:14:42.836000,5050.555833333332
2025-09-06 15:02:03.573,10417.0,259.0,7,0.0,True,8,car,0 days 00:01:09.618000,0 days 01:14:42.996000,5062.066944444443
2025-09-06 15:02:03.772,10657.0,252.0,7,1.0,True,8,car,0 days 00:01:09.817000,0 days 01:14:43.195000,5075.996944444443
2025-09-06 15:02:04.052,10030.0,232.0,6,7.0,True,8,car,0 days 00:01:10.097000,0 days 01:14:43.475000,5094.041388888888
2025-09-06 15:02:04.373,9890.0,225.0,6,19.0,False,8,car,0 days 00:01:10.418000,0 days 01:14:43.796000,5114.103888888889
2025-09-06 15:02:04.572,9772.0,219.0,6,31.0,False,8,car,0 days 00:01:10.617000,0 days 01:14:43.995000,5126.209722222222
2025-09-06 15:02:04.852,9913.0,217.0,6,77.0,False,8,car,0 days 00:01:10.897000,0 days 01:14:44.275000,5143.0875
2025-09-06 15:02:05.093,10201.0,219.0,6,100.0,False,8,car,0 days 00:01:11.138000,0 days 01:14:44.516000,5157.748333333333
2025-09-06 15:02:05.413,10308.0,223.0,6,100.0,False,8,car,0 days 00:01:11.458000,0 days 01:14:44.836000,5177.570555555555
2025-09-06 15:02:05.733,10662.0,231.0,6,100.0,False,8,car,0 days 00:01:11.778000,0 days 01:14:45.156000,5198.103888888889
2025-09-06 15:02:06.173,10952.0,240.0,6,100.0,False,8,car,0 days 00:01:12.218000,0 days 01:14:45.596000,5227.437222222222
2025-09-06 15:02:07.053,11514.0,254.0,6,100.0,False,8,car,0 days 00:01:13.098000,0 days 01:14:46.476000,5289.52611111111
2025-09-06 15:02:07.413,11010.0,260.0,6,100.0,False,8,car,0 days 00:01:13.458000,0 days 01:14:46.836000,5315.52611111111
2025-09-06 15:02:07.813,10696.0,267.0,7,100.0,False,8,car,0 days 00:01:13.858000,0 days 01:14:47.236000,5345.192777777777
2025-09-06 15:02:08.174,10886.0,271.0,7,100.0,False,8,car,0 days 00:01:14.219000,0 days 01:14:47.597000,5372.368055555555
2025-09-06 15:02:08.373,11014.0,274.0,7,100.0,False,8,car,0 days 00:01:14.418000,0 days 01:14:47.796000,5387.514166666667
2025-09-06 15:02:08.693,11178.0,279.0,7,100.0,False,8,car,0 days 00:01:14.738000,0 days 01:14:48.116000,5412.314166666666
2025-09-06 15:02:09.054,11341.0,285.0,7,100.0,False,8,car,0 days 00:01:15.099000,0 days 01:14:48.477000,5440.893333333333
2025-09-06 15:02:09.333,11551.0,289.0,7,100.0,False,8,car,0 days 00:01:15.378000,0 days 01:14:48.756000,5463.2908333333335
2025-09-06 15:02:09.533,11672.0,292.0,7,100.0,False,8,car,0 days 00:01:15.578000,0 days 01:14:48.956000,5479.513055555556
2025-09-06 15:02:09.853,10832.0,294.0,7,100.0,False,8,car,0 days 00:01:15.898000,0 days 01:14:49.276000,5505.646388888889
2025-09-06 15:02:10.173,10649.0,299.0,8,100.0,False,8,car,0 days 00:01:16.218000,0 days 01:14:49.596000,5532.224166666668
2025-09-06 15:02:10.532,10852.0,303.0,8,100.0,False,8,car,0 days 00:01:16.577000,0 days 01:14:49.955000,5562.4400000000005
2025-09-06 15:02:10.733,10902.0,305.0,8,100.0,False,8,car,0 days 00:01:16.778000,0 days 01:14:50.156000,5579.469166666668
2025-09-06 15:02:10.973,11002.0,307.0,8,100.0,False,8,car,0 days 00:01:17.018000,0 days 01:14:50.396000,5599.935833333334
2025-09-06 15:02:11.373,11062.0,310.0,8,100.0,False,8,car,0 days 00:01:17.418000,0 days 01:14:50.796000,5634.380277777779
2025-09-06 15:02:11.813,11125.0,313.0,8,100.0,False,8,car,0 days 00:01:17.858000,0 days 01:14:51.236000,5672.635833333335
2025-09-06 15:02:12.173,11181.0,314.0,8,100.0,False,8,car,0 days 00:01:18.218000,0 days 01:14:51.596000,5704.035833333334
2025-09-06 15:02:12.493,11193.0,315.0,8,100.0,False,8,car,0 days 00:01:18.538000,0 days 01:14:51.916000,5732.035833333333
2025-09-06 15:02:12.733,11251.0,316.0,8,100.0,False,10,car,0 days 00:01:18.778000,0 days 01:14:52.156000,5753.102500000001
